{
  "train_loss": [
    0.4069956123828888,
    0.165986630320549,
    0.09184655584394932,
    0.07258461443707347,
    0.04676125971600413,
    0.05138038275763392,
    0.04743333132937551,
    0.10295564085245132,
    0.04316411335021257,
    0.03070228307042271
  ],
  "train_acc": [
    82.14285714285714,
    87.85714285714286,
    96.42857142857143,
    96.42857142857143,
    97.85714285714286,
    97.85714285714286,
    97.14285714285714,
    97.85714285714286,
    99.28571428571429,
    99.28571428571429
  ],
  "val_loss": [
    0.16041380167007446,
    0.760735809803009,
    0.0025337564293295145,
    0.0006784707657061517,
    6.914075356689864e-07,
    8.424028692388674e-07,
    0.00015339917445089668,
    3.973642748178463e-08,
    1.0474865436553955,
    0.0
  ],
  "val_acc": [
    100.0,
    76.66666666666667,
    100.0,
    100.0,
    100.0,
    100.0,
    100.0,
    100.0,
    96.66666666666667,
    100.0
  ],
  "learning_rates": [
    0.001,
    0.001,
    0.001,
    0.001,
    0.001,
    0.001,
    0.001,
    0.001,
    0.001,
    0.001
  ]
}